{
    "keep": {
        "days": false,
        "amount": 30
    },
    "auditLog": "/Users/chinnananchi/projects/testing/template-api-typescript/src/logs/error/.7fafefa092a2df023b536749f03eda463b6c23bd-audit.json",
    "files": [
        {
            "date": 1655371782938,
            "name": "/Users/chinnananchi/projects/testing/template-api-typescript/src/logs/error/2022-06-16.log",
            "hash": "75919c2a60904f7465ea9bb839ff94ebe02bc7c6ea26b1dd48c0fea194a0e722"
        }
    ],
    "hashType": "sha256"
}