{
    "keep": {
        "days": false,
        "amount": 30
    },
    "auditLog": "/Users/chinnananchi/projects/testing/template-api-typescript/src/logs/debug/.12bb0a662da5fa2d543ace29f5e78e004047c50f-audit.json",
    "files": [
        {
            "date": 1655371782937,
            "name": "/Users/chinnananchi/projects/testing/template-api-typescript/src/logs/debug/2022-06-16.log",
            "hash": "f55a1b878c451fde237108063d0b3bcd8a89d464ed3112dc4854fcb130489ee7"
        }
    ],
    "hashType": "sha256"
}